part_number,model_id
BP-3301,ARD-ARIA-2024
BP-3301,ARD-ARIA-2025
BP-3301,ARD-BRIO-2024
BP-3301,ARD-BRIO-2025
BP-3305,ARD-CORA-2024
BP-3305,ARD-CORA-2025
BP-4417,NOR-TERN-2024
BP-4417,NOR-TERN-2025
BP-4418,NOR-VALE-2024
BP-4418,NOR-VALE-2025
BP-4421,NOR-SABLE-2024
BP-4421,NOR-SABLE-2025
BP-5502,NOR-SABLE-2024
BP-5502,NOR-SABLE-2025
BP-5502,NOR-TERN-2024
BP-5502,NOR-TERN-2025
BP-5502,NOR-VALE-2024
BP-5502,NOR-VALE-2025
BP-3390,ARD-ARIA-2024
BP-3390,ARD-ARIA-2025
BP-3390,ARD-BRIO-2024
BP-3390,ARD-BRIO-2025
BP-3390,ARD-CORA-2024
BP-3390,ARD-CORA-2025
BR-7710,NOR-SABLE-2024
BR-7710,NOR-SABLE-2025
BR-7710,NOR-TERN-2024
BR-7710,NOR-TERN-2025
BR-7710,NOR-VALE-2024
BR-7710,NOR-VALE-2025
CF-1201,ARD-ARIA-2024
CF-1201,ARD-ARIA-2025
CF-1201,ARD-BRIO-2024
CF-1201,ARD-BRIO-2025
CF-1202,ARD-CORA-2024
CF-1202,ARD-CORA-2025
CF-2305,NOR-TERN-2024
CF-2305,NOR-TERN-2025
CF-2305,NOR-VALE-2024
CF-2305,NOR-VALE-2025
CF-2306,NOR-SABLE-2024
CF-2306,NOR-SABLE-2025
OF-9001,ARD-ARIA-2024
OF-9001,ARD-ARIA-2025
OF-9001,ARD-BRIO-2024
OF-9001,ARD-BRIO-2025
OF-9001,ARD-CORA-2024
OF-9001,ARD-CORA-2025
OF-9102,NOR-SABLE-2024
OF-9102,NOR-SABLE-2025
OF-9102,NOR-TERN-2024
OF-9102,NOR-TERN-2025
OF-9102,NOR-VALE-2024
OF-9102,NOR-VALE-2025
AF-6410,ARD-CORA-2024
AF-6411,ARD-CORA-2025
AF-6420,ARD-ARIA-2024
AF-6420,ARD-ARIA-2025
AF-6420,ARD-BRIO-2024
AF-6420,ARD-BRIO-2025
AF-6430,NOR-SABLE-2024
AF-6430,NOR-SABLE-2025
AF-6430,NOR-TERN-2024
AF-6430,NOR-TERN-2025
AF-6430,NOR-VALE-2024
AF-6430,NOR-VALE-2025
BAT-35,ARD-ARIA-2024
BAT-35,ARD-BRIO-2024
BAT-35,ARD-BRIO-2025
BAT-48A,ARD-ARIA-2025
BAT-47,ARD-CORA-2024
BAT-47,ARD-CORA-2025
BAT-HD-47,ARD-CORA-2024
BAT-HD-47,ARD-CORA-2025
BAT-51,NOR-SABLE-2024
BAT-51,NOR-SABLE-2025
BAT-51,NOR-TERN-2024
BAT-51,NOR-TERN-2025
BAT-51,NOR-VALE-2024
BAT-51,NOR-VALE-2025
BLB-H11,ARD-ARIA-2024
BLB-H11,ARD-ARIA-2025
BLB-H11,ARD-BRIO-2024
BLB-H11,ARD-BRIO-2025
BLB-H11,ARD-CORA-2024
BLB-H11,ARD-CORA-2025
BLB-H7,NOR-SABLE-2024
BLB-H7,NOR-SABLE-2025
BLB-H7,NOR-TERN-2024
BLB-H7,NOR-TERN-2025
BLB-H7,NOR-VALE-2024
BLB-H7,NOR-VALE-2025
WP-2400,ARD-ARIA-2024
WP-2400,ARD-ARIA-2025
WP-2400,ARD-BRIO-2024
WP-2400,ARD-BRIO-2025
WP-2400,ARD-CORA-2024
WP-2400,ARD-CORA-2025
WP-2600,NOR-SABLE-2024
WP-2600,NOR-SABLE-2025
WP-2600,NOR-TERN-2024
WP-2600,NOR-TERN-2025
WP-2600,NOR-VALE-2024
WP-2600,NOR-VALE-2025
MR-8801,NOR-TERN-2024
MR-8801,NOR-TERN-2025
MR-8802,NOR-VALE-2024
MR-8802,NOR-VALE-2025
BM-1500,ARD-ARIA-2024
