model_id,make,model,year,body_type,engine,transmission,tire_size,tire_pressure_psi,spare_location,jack_points,lug_torque_ftlb,battery_type,battery_location,fuse_box_locations,oil_type,oil_capacity_l,coolant_type,oil_change_interval_miles,cabin_filter_interval_miles,quirk
ARD-ARIA-2024,Arden,Aria,2024,Sedan,1.6L I4,CVT,195/65R15,35,"Trunk floor, under mat",Marked notches behind front wheels and ahead of rear wheels,80,Group 35 flooded,"Engine bay, left side",Cabin: lower left of dashboard; Engine bay: front right,0W-20,4.2,Arden Blue OAT,7500,15000,
ARD-ARIA-2025,Arden,Aria,2025,Sedan,1.6L I4,CVT,195/65R15,35,"Trunk floor, under mat",Marked notches behind front wheels and ahead of rear wheels,80,Group 48 AGM,"Engine bay, left side",Cabin: lower left of dashboard; Engine bay: front right,0W-20,4.2,Arden Blue OAT,7500,15000,2025 uses an AGM battery; replace only with AGM
ARD-BRIO-2024,Arden,Brio,2024,Sedan,1.8L I4,6-speed automatic,205/55R16,36,"Trunk floor, under mat",Marked notches behind front wheels and ahead of rear wheels,80,Group 35 flooded,"Engine bay, left side",Cabin: lower left of dashboard; Engine bay: front right,0W-20,4.5,Arden Blue OAT,7500,15000,
ARD-BRIO-2025,Arden,Brio,2025,Sedan,1.8L I4,6-speed automatic,205/55R16,36,None; tire inflator kit in trunk side pocket,Marked notches behind front wheels and ahead of rear wheels,80,Group 35 flooded,"Engine bay, left side",Cabin: lower left of dashboard; Engine bay: front right,0W-20,4.5,Arden Blue OAT,7500,15000,No spare tire in 2025; inflator kit and sealant only
ARD-CORA-2024,Arden,Cora,2024,Sedan,2.0L I4,8-speed automatic,215/50R17,35,Under trunk floor,Marked notches behind front wheels and ahead of rear wheels,80,Group 47,Under rear seat cushion,Cabin: lower left of dashboard; Engine bay: front right,0W-20,4.8,Arden Blue OAT,7500,15000,Battery is under the rear seat; lift the seat cushion to reach it
ARD-CORA-2025,Arden,Cora,2025,Sedan,2.0L I4,8-speed automatic,215/50R17,35,Under trunk floor,Marked notches behind front wheels and ahead of rear wheels,90,Group 47,Under rear seat cushion,Cabin: lower left of dashboard; Engine bay: front right,0W-20,4.8,Arden Blue OAT,7500,15000,Battery is under the rear seat; lug nut torque raised to 90 ft-lb in 2025
NOR-SABLE-2024,Norvik,Sable,2024,Sedan,1.5L turbo I4,CVT,205/60R16,34,"Trunk floor, under mat","Reinforced seam 6 in from each wheel arch, marked by arrows",85,Group 51,"Engine bay, right side",Cabin: inside glovebox; Engine bay: rear left near firewall,0W-20,4.0,Norvik Green HOAT,7500,12000,Cabin filter sits behind the glovebox; needs a trim removal tool
NOR-SABLE-2025,Norvik,Sable,2025,Sedan,1.5L turbo I4,CVT,205/60R16,34,"Trunk floor, under mat","Reinforced seam 6 in from each wheel arch, marked by arrows",85,Group 51,"Engine bay, right side",Cabin: inside glovebox; Engine bay: rear left near firewall,0W-20,4.0,Norvik Green HOAT,7500,12000,Cabin filter sits behind the glovebox; needs a trim removal tool
NOR-TERN-2024,Norvik,Tern,2024,Sedan,2.0L I4,8-speed automatic,225/55R17,35,"Trunk floor, under mat","Reinforced seam 6 in from each wheel arch, marked by arrows",85,Group 51,"Engine bay, right side",Cabin: inside glovebox; Engine bay: rear left near firewall,0W-20,4.5,Norvik Green HOAT,7500,15000,
NOR-TERN-2025,Norvik,Tern,2025,Sedan,2.0L I4,8-speed automatic,225/55R17,35,"Trunk floor, under mat","Reinforced seam 6 in from each wheel arch, marked by arrows",85,Group 51,"Engine bay, right side",Cabin: inside glovebox; Engine bay: rear left near firewall,0W-20,4.5,Norvik Green HOAT,7500,15000,
NOR-VALE-2024,Norvik,Vale,2024,Sedan,2.0L I4,8-speed automatic,225/55R17,35,"Trunk floor, under mat","Reinforced seam 6 in from each wheel arch, marked by arrows",88,Group 51,"Engine bay, right side",Cabin: inside glovebox; Engine bay: rear left near firewall,0W-20,4.5,Norvik Green HOAT,7500,15000,
NOR-VALE-2025,Norvik,Vale,2025,Sedan,2.0L I4,8-speed automatic,225/55R17,35,"Trunk floor, under mat","Reinforced seam 6 in from each wheel arch, marked by arrows",88,Group 51,"Engine bay, right side",Cabin: inside glovebox; Engine bay: rear left near firewall,0W-20,4.5,Norvik Green HOAT,7500,15000,
