part_number,part_name,category,position,price_usd,stock
BP-3301,Front brake pad set,Brakes,Front,62.5,24
BP-3305,Front brake pad set,Brakes,Front,68.0,15
BP-4417,Front brake pad set,Brakes,Front,71.25,18
BP-4418,Front brake pad set,Brakes,Front,71.25,9
BP-4421,Front brake pad set,Brakes,Front,69.9,12
BP-5502,Rear brake pad set,Brakes,Rear,54.0,30
BP-3390,Rear brake pad set,Brakes,Rear,49.5,22
BR-7710,Front brake rotor,Brakes,Front,88.0,10
CF-1201,Cabin air filter,Filters,Cabin,18.75,40
CF-1202,Cabin air filter,Filters,Cabin,19.5,28
CF-2305,Cabin air filter,Filters,Cabin,21.0,26
CF-2306,Cabin air filter,Filters,Cabin,21.0,14
OF-9001,Oil filter,Filters,Engine,9.25,60
OF-9102,Oil filter,Filters,Engine,10.5,55
AF-6410,Engine air filter,Filters,Engine,24.0,17
AF-6411,Engine air filter,Filters,Engine,24.0,11
AF-6420,Engine air filter,Filters,Engine,22.5,33
AF-6430,Engine air filter,Filters,Engine,25.75,29
BAT-35,"Battery, Group 35 flooded",Electrical,Engine bay,129.0,8
BAT-48A,"Battery, Group 48 AGM",Electrical,Engine bay,189.0,5
BAT-47,"Battery, Group 47",Electrical,Under rear seat,149.0,6
BAT-HD-47,Battery hold-down clamp,Electrical,Under rear seat,14.0,20
BAT-51,"Battery, Group 51",Electrical,Engine bay,139.0,12
BLB-H11,"Headlight bulb, low beam",Electrical,Front,16.0,45
BLB-H7,"Headlight bulb, low beam",Electrical,Front,15.5,50
WP-2400,"Front wiper blade set, 24 in",Wipers,Front,27.0,35
WP-2600,"Front wiper blade set, 26 in",Wipers,Front,29.0,31
MR-8801,"Side mirror glass, left",Body,Left,34.0,7
MR-8802,"Side mirror glass, left",Body,Left,34.0,4
BM-1500,Front bumper cover,Body,Front,245.0,3
SPK-9999,"Spark plug set, iridium",Engine,Engine,48.0,19
